date,value
1749-01-01,58
1749-01-31,62.6
1749-03-02,70
1749-04-02,55.7
1749-05-02,85
1749-06-02,83.5
1749-07-02,94.8
1749-08-01,66.3
1749-09-01,75.9
1749-10-01,75.5
1749-11-01,158.6
1749-12-01,85.2
1750-01-01,73.3
1750-01-31,75.9
1750-03-02,89.2
1750-04-02,88.3
1750-05-02,90
1750-06-02,100
1750-07-02,85.4
1750-08-01,103
1750-09-01,91.2
1750-10-01,65.7
1750-11-01,63.3
1750-12-01,75.4
1751-01-01,70
1751-01-31,43.5
1751-03-02,45.3
1751-04-02,56.4
1751-05-02,60.7
1751-06-02,50.7
1751-07-02,66.3
1751-08-01,59.8
1751-09-01,23.5
1751-10-01,23.2
1751-11-01,28.5
1751-12-01,44
1752-01-01,35
1752-01-31,50
1752-03-02,71
1752-04-01,59.3
1752-05-01,59.7
1752-06-01,39.6
1752-07-02,78.4
1752-08-01,29.3
1752-09-01,27.1
1752-10-01,46.6
1752-10-31,37.6
1752-12-01,40
1753-01-01,44
1753-01-31,32
1753-03-02,45.7
1753-04-02,38
1753-05-02,36
1753-06-02,31.7
1753-07-02,22
1753-08-01,39
1753-09-01,28
1753-10-01,25
1753-11-01,20
1753-12-01,6.7
1754-01-01,0
1754-01-31,3
1754-03-02,1.7
1754-04-02,13.7
1754-05-02,20.7
1754-06-02,26.7
1754-07-02,18.8
1754-08-01,12.3
1754-09-01,8.2
1754-10-01,24.1
1754-11-01,13.2
1754-12-01,4.2
1755-01-01,10.2
1755-01-31,11.2
1755-03-02,6.8
1755-04-02,6.5
1755-05-02,0
1755-06-02,0
1755-07-02,8.6
1755-08-01,3.2
1755-09-01,17.8
1755-10-01,23.7
1755-11-01,6.8
1755-12-01,20
1756-01-01,12.5
1756-01-31,7.1
1756-03-02,5.4
1756-04-01,9.4
1756-05-01,12.5
1756-06-01,12.9
1756-07-02,3.6
1756-08-01,6.4
1756-09-01,11.8
1756-10-01,14.3
1756-10-31,17
1756-12-01,9.4
1757-01-01,14.1
1757-01-31,21.2
1757-03-02,26.2
1757-04-02,30
1757-05-02,38.1
1757-06-02,12.8
1757-07-02,25
1757-08-01,51.3
1757-09-01,39.7
1757-10-01,32.5
1757-11-01,64.7
1757-12-01,33.5
1758-01-01,37.6
1758-01-31,52
1758-03-02,49
1758-04-02,72.3
1758-05-02,46.4
1758-06-02,45
1758-07-02,44
1758-08-01,38.7
1758-09-01,62.5
1758-10-01,37.7
1758-11-01,43
1758-12-01,43
1759-01-01,48.3
1759-01-31,44
1759-03-02,46.8
1759-04-02,47
1759-05-02,49
1759-06-02,50
1759-07-02,51
1759-08-01,71.3
1759-09-01,77.2
1759-10-01,59.7
1759-11-01,46.3
1759-12-01,57
1760-01-01,67.3
1760-01-31,59.5
1760-03-02,74.7
1760-04-01,58.3
1760-05-01,72
1760-06-01,48.3
1760-07-02,66
1760-08-01,75.6
1760-09-01,61.3
1760-10-01,50.6
1760-10-31,59.7
1760-12-01,61
1761-01-01,70
1761-01-31,91
1761-03-02,80.7
1761-04-02,71.7
1761-05-02,107.2
1761-06-02,99.3
1761-07-02,94.1
1761-08-01,91.1
1761-09-01,100.7
1761-10-01,88.7
1761-11-01,89.7
1761-12-01,46
1762-01-01,43.8
1762-01-31,72.8
1762-03-02,45.7
1762-04-02,60.2
1762-05-02,39.9
1762-06-02,77.1
1762-07-02,33.8
1762-08-01,67.7
1762-09-01,68.5
1762-10-01,69.3
1762-11-01,77.8
1762-12-01,77.2
1763-01-01,56.5
1763-01-31,31.9
1763-03-02,34.2
1763-04-02,32.9
1763-05-02,32.7
1763-06-02,35.8
1763-07-02,54.2
1763-08-01,26.5
1763-09-01,68.1
1763-10-01,46.3
1763-11-01,60.9
1763-12-01,61.4
1764-01-01,59.7
1764-01-31,59.7
1764-03-02,40.2
1764-04-01,34.4
1764-05-01,44.3
1764-06-01,30
1764-07-02,30
1764-08-01,30
1764-09-01,28.2
1764-10-01,28
1764-10-31,26
1764-12-01,25.7
1765-01-01,24
1765-01-31,26
1765-03-02,25
1765-04-02,22
1765-05-02,20.2
1765-06-02,20
1765-07-02,27
1765-08-01,29.7
1765-09-01,16
1765-10-01,14
1765-11-01,14
1765-12-01,13
1766-01-01,12
1766-01-31,11
1766-03-02,36.6
1766-04-02,6
1766-05-02,26.8
1766-06-02,3
1766-07-02,3.3
1766-08-01,4
1766-09-01,4.3
1766-10-01,5
1766-11-01,5.7
1766-12-01,19.2
1767-01-01,27.4
1767-01-31,30
1767-03-02,43
1767-04-02,32.9
1767-05-02,29.8
1767-06-02,33.3
1767-07-02,21.9
1767-08-01,40.8
1767-09-01,42.7
1767-10-01,44.1
1767-11-01,54.7
1767-12-01,53.3
1768-01-01,53.5
1768-01-31,66.1
1768-03-02,46.3
1768-04-01,42.7
1768-05-01,77.7
1768-06-01,77.4
1768-07-02,52.6
1768-08-01,66.8
1768-09-01,74.8
1768-10-01,77.8
1768-10-31,90.6
1768-12-01,111.8
1769-01-01,73.9
1769-01-31,64.2
1769-03-02,64.3
1769-04-02,96.7
1769-05-02,73.6
1769-06-02,94.4
1769-07-02,118.6
1769-08-01,120.3
1769-09-01,148.8
1769-10-01,158.2
1769-11-01,148.1
1769-12-01,112
1770-01-01,104
1770-01-31,142.5
1770-03-02,80.1
1770-04-02,51
1770-05-02,70.1
1770-06-02,83.3
1770-07-02,109.8
1770-08-01,126.3
1770-09-01,104.4
1770-10-01,103.6
1770-11-01,132.2
1770-12-01,102.3
1771-01-01,36
1771-01-31,46.2
1771-03-02,46.7
1771-04-02,64.9
1771-05-02,152.7
1771-06-02,119.5
1771-07-02,67.7
1771-08-01,58.5
1771-09-01,101.4
1771-10-01,90
1771-11-01,99.7
1771-12-01,95.7
1772-01-01,100.9
1772-01-31,90.8
1772-03-02,31.1
1772-04-01,92.2
1772-05-01,38
1772-06-01,57
1772-07-02,77.3
1772-08-01,56.2
1772-09-01,50.5
1772-10-01,78.6
1772-10-31,61.3
1772-12-01,64
1773-01-01,54.6
1773-01-31,29
1773-03-02,51.2
1773-04-02,32.9
1773-05-02,41.1
1773-06-02,28.4
1773-07-02,27.7
1773-08-01,12.7
1773-09-01,29.3
1773-10-01,26.3
1773-11-01,40.9
1773-12-01,43.2
1774-01-01,46.8
1774-01-31,65.4
1774-03-02,55.7
1774-04-02,43.8
1774-05-02,51.3
1774-06-02,28.5
1774-07-02,17.5
1774-08-01,6.6
1774-09-01,7.9
1774-10-01,14
1774-11-01,17.7
1774-12-01,12.2
1775-01-01,4.4
1775-01-31,0
1775-03-02,11.6
1775-04-02,11.2
1775-05-02,3.9
1775-06-02,12.3
1775-07-02,1
1775-08-01,7.9
1775-09-01,3.2
1775-10-01,5.6
1775-11-01,15.1
1775-12-01,7.9
1776-01-01,21.7
1776-01-31,11.6
1776-03-02,6.3
1776-04-01,21.8
1776-05-01,11.2
1776-06-01,19
1776-07-02,1
1776-08-01,24.2
1776-09-01,16
1776-10-01,30
1776-10-31,35
1776-12-01,40
1777-01-01,45
1777-01-31,36.5
1777-03-02,39
1777-04-02,95.5
1777-05-02,80.3
1777-06-02,80.7
1777-07-02,95
1777-08-01,112
1777-09-01,116.2
1777-10-01,106.5
1777-11-01,146
1777-12-01,157.3
1778-01-01,177.3
1778-01-31,109.3
1778-03-02,134
1778-04-02,145
1778-05-02,238.9
1778-06-02,171.6
1778-07-02,153
1778-08-01,140
1778-09-01,171.7
1778-10-01,156.3
1778-11-01,150.3
1778-12-01,105
1779-01-01,114.7
1779-01-31,165.7
1779-03-02,118
1779-04-02,145
1779-05-02,140
1779-06-02,113.7
1779-07-02,143
1779-08-01,112
1779-09-01,111
1779-10-01,124
1779-11-01,114
1779-12-01,110
1780-01-01,70
1780-01-31,98
1780-03-02,98
1780-04-01,95
1780-05-01,107.2
1780-06-01,88
1780-07-02,86
1780-08-01,86
1780-09-01,93.7
1780-10-01,77
1780-10-31,60
1780-12-01,58.7
1781-01-01,98.7
1781-01-31,74.7
1781-03-02,53
1781-04-02,68.3
1781-05-02,104.7
1781-06-02,97.7
1781-07-02,73.5
1781-08-01,66
1781-09-01,51
1781-10-01,27.3
1781-11-01,67
1781-12-01,35.2
1782-01-01,54
1782-01-31,37.5
1782-03-02,37
1782-04-02,41
1782-05-02,54.3
1782-06-02,38
1782-07-02,37
1782-08-01,44
1782-09-01,34
1782-10-01,23.2
1782-11-01,31.5
1782-12-01,30
1783-01-01,28
1783-01-31,38.7
1783-03-02,26.7
1783-04-02,28.3
1783-05-02,23
1783-06-02,25.2
1783-07-02,32.2
1783-08-01,20
1783-09-01,18
1783-10-01,8
1783-11-01,15
1783-12-01,10.5
1784-01-01,13
1784-01-31,8
1784-03-02,11
1784-04-01,10
1784-05-01,6
1784-06-01,9
1784-07-02,6
1784-08-01,10
1784-09-01,10
1784-10-01,8
1784-10-31,17
1784-12-01,14
1785-01-01,6.5
1785-01-31,8
1785-03-02,9
1785-04-02,15.7
1785-05-02,20.7
1785-06-02,26.3
1785-07-02,36.3
1785-08-01,20
1785-09-01,32
1785-10-01,47.2
1785-11-01,40.2
1785-12-01,27.3
1786-01-01,37.2
1786-01-31,47.6
1786-03-02,47.7
1786-04-02,85.4
1786-05-02,92.3
1786-06-02,59
1786-07-02,83
1786-08-01,89.7
1786-09-01,111.5
1786-10-01,112.3
1786-11-01,116
1786-12-01,112.7
1787-01-01,134.7
1787-01-31,106
1787-03-02,87.4
1787-04-02,127.2
1787-05-02,134.8
1787-06-02,99.2
1787-07-02,128
1787-08-01,137.2
1787-09-01,157.3
1787-10-01,157
1787-11-01,141.5
1787-12-01,174
1788-01-01,138
1788-01-31,129.2
1788-03-02,143.3
1788-04-01,108.5
1788-05-01,113
1788-06-01,154.2
1788-07-02,141.5
1788-08-01,136
1788-09-01,141
1788-10-01,142
1788-10-31,94.7
1788-12-01,129.5
1789-01-01,114
1789-01-31,125.3
1789-03-02,120
1789-04-02,123.3
1789-05-02,123.5
1789-06-02,120
1789-07-02,117
1789-08-01,103
1789-09-01,112
1789-10-01,89.7
1789-11-01,134
1789-12-01,135.5
1790-01-01,103
1790-01-31,127.5
1790-03-02,96.3
1790-04-02,94
1790-05-02,93
1790-06-02,91
1790-07-02,69.3
1790-08-01,87
1790-09-01,77.3
1790-10-01,84.3
1790-11-01,82
1790-12-01,74
1791-01-01,72.7
1791-01-31,62
1791-03-02,74
1791-04-02,77.2
1791-05-02,73.7
1791-06-02,64.2
1791-07-02,71
1791-08-01,43
1791-09-01,66.5
1791-10-01,61.7
1791-11-01,67
1791-12-01,66
1792-01-01,58
1792-01-31,64
1792-03-02,63
1792-04-01,75.7
1792-05-01,62
1792-06-01,61
1792-07-02,45.8
1792-08-01,60
1792-09-01,59
1792-10-01,59
1792-10-31,57
1792-12-01,56
1793-01-01,56
1793-01-31,55
1793-03-02,55.5
1793-04-02,53
1793-05-02,52.3
1793-06-02,51
1793-07-02,50
1793-08-01,29.3
1793-09-01,24
1793-10-01,47
1793-11-01,44
1793-12-01,45.7
1794-01-01,45
1794-01-31,44
1794-03-02,38
1794-04-02,28.4
1794-05-02,55.7
1794-06-02,41.5
1794-07-02,41
1794-08-01,40
1794-09-01,11.1
1794-10-01,28.5
1794-11-01,67.4
1794-12-01,51.4
1795-01-01,21.4
1795-01-31,39.9
1795-03-02,12.6
1795-04-02,18.6
1795-05-02,31
1795-06-02,17.1
1795-07-02,12.9
1795-08-01,25.7
1795-09-01,13.5
1795-10-01,19.5
1795-11-01,25
1795-12-01,18
1796-01-01,22
1796-01-31,23.8
1796-03-02,15.7
1796-04-01,31.7
1796-05-01,21
1796-06-01,6.7
1796-07-02,26.9
1796-08-01,1.5
1796-09-01,18.4
1796-10-01,11
1796-10-31,8.4
1796-12-01,5.1
1797-01-01,14.4
1797-01-31,4.2
1797-03-02,4
1797-04-02,4
1797-05-02,7.3
1797-06-02,11.1
1797-07-02,4.3
1797-08-01,6
1797-09-01,5.7
1797-10-01,6.9
1797-11-01,5.8
1797-12-01,3
1798-01-01,2
1798-01-31,4
1798-03-02,12.4
1798-04-02,1.1
1798-05-02,0
1798-06-02,0
1798-07-02,0
1798-08-01,3
1798-09-01,2.4
1798-10-01,1.5
1798-11-01,12.5
1798-12-01,9.9
1799-01-01,1.6
1799-01-31,12.6
1799-03-02,21.7
1799-04-02,8.4
1799-05-02,8.2
1799-06-02,10.6
1799-07-02,2.1
1799-08-01,0
1799-09-01,0
1799-10-01,4.6
1799-11-01,2.7
1799-12-01,8.6
1800-01-01,6.9
1800-01-31,9.3
1800-03-02,13.9
1800-04-02,0
1800-05-02,5
1800-06-02,23.7
1800-07-02,21
1800-08-01,19.5
1800-09-01,11.5
1800-10-01,12.3
1800-11-01,10.5
1800-12-01,40.1
1801-01-01,27
1801-01-31,29
1801-03-02,30
1801-04-02,31
1801-05-02,32
1801-06-02,31.2
1801-07-02,35
1801-08-01,38.7
1801-09-01,33.5
1801-10-01,32.6
1801-11-01,39.8
1801-12-01,48.2
1802-01-01,47.8
1802-01-31,47
1802-03-02,40.8
1802-04-02,42
1802-05-02,44
1802-06-02,46
1802-07-02,48
1802-08-01,50
1802-09-01,51.8
1802-10-01,38.5
1802-11-01,34.5
1802-12-01,50
1803-01-01,50
1803-01-31,50.8
1803-03-02,29.5
1803-04-02,25
1803-05-02,44.3
1803-06-02,36
1803-07-02,48.3
1803-08-01,34.1
1803-09-01,45.3
1803-10-01,54.3
1803-11-01,51
1803-12-01,48
1804-01-01,45.3
1804-01-31,48.3
1804-03-02,48
1804-04-01,50.6
1804-05-01,33.4
1804-06-01,34.8
1804-07-02,29.8
1804-08-01,43.1
1804-09-01,53
1804-10-01,62.3
1804-10-31,61
1804-12-01,60
1805-01-01,61
1805-01-31,44.1
1805-03-02,51.4
1805-04-02,37.5
1805-05-02,39
1805-06-02,40.5
1805-07-02,37.6
1805-08-01,42.7
1805-09-01,44.4
1805-10-01,29.4
1805-11-01,41
1805-12-01,38.3
1806-01-01,39
1806-01-31,29.6
1806-03-02,32.7
1806-04-02,27.7
1806-05-02,26.4
1806-06-02,25.6
1806-07-02,30
1806-08-01,26.3
1806-09-01,24
1806-10-01,27
1806-11-01,25
1806-12-01,24
1807-01-01,12
1807-01-31,12.2
1807-03-02,9.6
1807-04-02,23.8
1807-05-02,10
1807-06-02,12
1807-07-02,12.7
1807-08-01,12
1807-09-01,5.7
1807-10-01,8
1807-11-01,2.6
1807-12-01,0
1808-01-01,0
1808-01-31,4.5
1808-03-02,0
1808-04-01,12.3
1808-05-01,13.5
1808-06-01,13.5
1808-07-02,6.7
1808-08-01,8
1808-09-01,11.7
1808-10-01,4.7
1808-10-31,10.5
1808-12-01,12.3
1809-01-01,7.2
1809-01-31,9.2
1809-03-02,0.9
1809-04-02,2.5
1809-05-02,2
1809-06-02,7.7
1809-07-02,0.3
1809-08-01,0.2
1809-09-01,0.4
1809-10-01,0
1809-11-01,0
1809-12-01,0
1810-01-01,0
1810-01-31,0
1810-03-02,0
1810-04-02,0
1810-05-02,0
1810-06-02,0
1810-07-02,0
1810-08-01,0
1810-09-01,0
1810-10-01,0
1810-11-01,0
1810-12-01,0
1811-01-01,0
1811-01-31,0
1811-03-02,0
1811-04-02,0
1811-05-02,0
1811-06-02,0
1811-07-02,6.6
1811-08-01,0
1811-09-01,2.4
1811-10-01,6.1
1811-11-01,0.8
1811-12-01,1.1
1812-01-01,11.3
1812-01-31,1.9
1812-03-02,0.7
1812-04-01,0
1812-05-01,1
1812-06-01,1.3
1812-07-02,0.5
1812-08-01,15.6
1812-09-01,5.2
1812-10-01,3.9
1812-10-31,7.9
1812-12-01,10.1
1813-01-01,0
1813-01-31,10.3
1813-03-02,1.9
1813-04-02,16.6
1813-05-02,5.5
1813-06-02,11.2
1813-07-02,18.3
1813-08-01,8.4
1813-09-01,15.3
1813-10-01,27.8
1813-11-01,16.7
1813-12-01,14.3
1814-01-01,22.2
1814-01-31,12
1814-03-02,5.7
1814-04-02,23.8
1814-05-02,5.8
1814-06-02,14.9
1814-07-02,18.5
1814-08-01,2.3
1814-09-01,8.1
1814-10-01,19.3
1814-11-01,14.5
1814-12-01,20.1
1815-01-01,19.2
1815-01-31,32.2
1815-03-02,26.2
1815-04-02,31.6
1815-05-02,9.8
1815-06-02,55.9
1815-07-02,35.5
1815-08-01,47.2
1815-09-01,31.5
1815-10-01,33.5
1815-11-01,37.2
1815-12-01,65
1816-01-01,26.3
1816-01-31,68.8
1816-03-02,73.7
1816-04-01,58.8
1816-05-01,44.3
1816-06-01,43.6
1816-07-02,38.8
1816-08-01,23.2
1816-09-01,47.8
1816-10-01,56.4
1816-10-31,38.1
1816-12-01,29.9
1817-01-01,36.4
1817-01-31,57.9
1817-03-02,96.2
1817-04-02,26.4
1817-05-02,21.2
1817-06-02,40
1817-07-02,50
1817-08-01,45
1817-09-01,36.7
1817-10-01,25.6
1817-11-01,28.9
1817-12-01,28.4
1818-01-01,34.9
1818-01-31,22.4
1818-03-02,25.4
1818-04-02,34.5
1818-05-02,53.1
1818-06-02,36.4
1818-07-02,28
1818-08-01,31.5
1818-09-01,26.1
1818-10-01,31.6
1818-11-01,10.9
1818-12-01,25.8
1819-01-01,32.8
1819-01-31,20.7
1819-03-02,3.7
1819-04-02,20.2
1819-05-02,19.6
1819-06-02,35
1819-07-02,31.4
1819-08-01,26.1
1819-09-01,14.9
1819-10-01,27.5
1819-11-01,25.1
1819-12-01,30.6
1820-01-01,19.2
1820-01-31,26.6
1820-03-02,4.5
1820-04-01,19.4
1820-05-01,29.3
1820-06-01,10.8
1820-07-02,20.6
1820-08-01,25.9
1820-09-01,5.2
1820-10-01,8.9
1820-10-31,7.9
1820-12-01,9.1
1821-01-01,21.5
1821-01-31,4.2
1821-03-02,5.7
1821-04-02,9.2
1821-05-02,1.7
1821-06-02,1.8
1821-07-02,2.5
1821-08-01,4.8
1821-09-01,4.4
1821-10-01,18.8
1821-11-01,4.4
1821-12-01,0.2
1822-01-01,0
1822-01-31,0.9
1822-03-02,16.1
1822-04-02,13.5
1822-05-02,1.5
1822-06-02,5.6
1822-07-02,7.9
1822-08-01,2.1
1822-09-01,0
1822-10-01,0.4
1822-11-01,0
1822-12-01,0
1823-01-01,0
1823-01-31,0
1823-03-02,0.6
1823-04-02,0
1823-05-02,0
1823-06-02,0
1823-07-02,0.5
1823-08-01,0
1823-09-01,0
1823-10-01,0
1823-11-01,0
1823-12-01,20.4
1824-01-01,21.7
1824-01-31,10.8
1824-03-02,0
1824-04-01,19.4
1824-05-01,2.8
1824-06-01,0
1824-07-02,0
1824-08-01,1.4
1824-09-01,20.5
1824-10-01,25.2
1824-10-31,0
1824-12-01,0.8
1825-01-01,5
1825-01-31,15.5
1825-03-02,22.4
1825-04-02,3.8
1825-05-02,15.5
1825-06-02,15.4
1825-07-02,30.9
1825-08-01,25.7
1825-09-01,15.7
1825-10-01,15.6
1825-11-01,11.7
1825-12-01,22
1826-01-01,17.7
1826-01-31,18.2
1826-03-02,36.7
1826-04-02,24
1826-05-02,32.4
1826-06-02,37.1
1826-07-02,52.5
1826-08-01,39.6
1826-09-01,18.9
1826-10-01,50.6
1826-11-01,39.5
1826-12-01,68.1
1827-01-01,34.6
1827-01-31,47.4
1827-03-02,57.8
1827-04-02,46
1827-05-02,56.3
1827-06-02,56.7
1827-07-02,42.3
1827-08-01,53.7
1827-09-01,49.6
1827-10-01,56.1
1827-11-01,48.2
1827-12-01,46.1
1828-01-01,52.8
1828-01-31,64.4
1828-03-02,65
1828-04-01,61.1
1828-05-01,89.1
1828-06-01,98
1828-07-02,54.2
1828-08-01,76.4
1828-09-01,50.4
1828-10-01,54.7
1828-10-31,57
1828-12-01,46.9
1829-01-01,43
1829-01-31,49.4
1829-03-02,72.3
1829-04-02,95
1829-05-02,67.4
1829-06-02,73.9
1829-07-02,90.8
1829-08-01,77.6
1829-09-01,52.8
1829-10-01,57.2
1829-11-01,67.6
1829-12-01,56.5
1830-01-01,52.2
1830-01-31,72.1
1830-03-02,84.6
1830-04-02,106.3
1830-05-02,66.3
1830-06-02,65.1
1830-07-02,43.9
1830-08-01,50.7
1830-09-01,62.1
1830-10-01,84.4
1830-11-01,81.2
1830-12-01,82.1
1831-01-01,47.5
1831-01-31,50.1
1831-03-02,93.4
1831-04-02,54.5
1831-05-02,38.1
1831-06-02,33.4
1831-07-02,45.2
1831-08-01,55
1831-09-01,37.9
1831-10-01,46.3
1831-11-01,43.5
1831-12-01,28.9
1832-01-01,30.9
1832-01-31,55.6
1832-03-02,55.1
1832-04-01,26.9
1832-05-01,41.3
1832-06-01,26.7
1832-07-02,14
1832-08-01,8.9
1832-09-01,8.2
1832-10-01,21.1
1832-10-31,14.3
1832-12-01,27.5
1833-01-01,11.3
1833-01-31,14.9
1833-03-02,11.8
1833-04-02,2.8
1833-05-02,12.9
1833-06-02,1
1833-07-02,7
1833-08-01,5.7
1833-09-01,11.6
1833-10-01,7.5
1833-11-01,5.9
1833-12-01,9.9
1834-01-01,4.9
1834-01-31,18.1
1834-03-02,3.9
1834-04-02,1.4
1834-05-02,8.8
1834-06-02,7.8
1834-07-02,8.7
1834-08-01,4
1834-09-01,11.5
1834-10-01,24.8
1834-11-01,30.5
1834-12-01,34.5
1835-01-01,7.5
1835-01-31,24.5
1835-03-02,19.7
1835-04-02,61.5
1835-05-02,43.6
1835-06-02,33.2
1835-07-02,59.8
1835-08-01,59
1835-09-01,100.8
1835-10-01,95.2
1835-11-01,100
1835-12-01,77.5
1836-01-01,88.6
1836-01-31,107.6
1836-03-02,98.2
1836-04-01,142.9
1836-05-01,111.4
1836-06-01,124.7
1836-07-02,116.7
1836-08-01,107.8
1836-09-01,95.1
1836-10-01,137.4
1836-10-31,120.9
1836-12-01,206.2
1837-01-01,188
1837-01-31,175.6
1837-03-02,134.6
1837-04-02,138.2
1837-05-02,111.7
1837-06-02,158
1837-07-02,162.8
1837-08-01,134
1837-09-01,96.3
1837-10-01,123.7
1837-11-01,107
1837-12-01,129.8
1838-01-01,144.9
1838-01-31,84.8
1838-03-02,140.8
1838-04-02,126.6
1838-05-02,137.6
1838-06-02,94.5
1838-07-02,108.2
1838-08-01,78.8
1838-09-01,73.6
1838-10-01,90.8
1838-11-01,77.4
1838-12-01,79.8
1839-01-01,105.6
1839-01-31,102.5
1839-03-02,77.7
1839-04-02,61.8
1839-05-02,53.8
1839-06-02,54.6
1839-07-02,84.8
1839-08-01,131.2
1839-09-01,132.7
1839-10-01,90.9
1839-11-01,68.8
1839-12-01,63.7
1840-01-01,81.2
1840-01-31,87.7
1840-03-02,67.8
1840-04-01,65.9
1840-05-01,69.2
1840-06-01,48.5
1840-07-02,60.7
1840-08-01,57.8
1840-09-01,74
1840-10-01,55
1840-10-31,54.3
1840-12-01,53.7
1841-01-01,24.1
1841-01-31,29.9
1841-03-02,29.7
1841-04-02,40.2
1841-05-02,67.5
1841-06-02,55.7
1841-07-02,30.8
1841-08-01,39.3
1841-09-01,36.5
1841-10-01,28.5
1841-11-01,19.8
1841-12-01,38.8
1842-01-01,20.4
1842-01-31,22.1
1842-03-02,21.7
1842-04-02,26.9
1842-05-02,24.9
1842-06-02,20.5
1842-07-02,12.6
1842-08-01,26.6
1842-09-01,18.4
1842-10-01,38.1
1842-11-01,40.5
1842-12-01,17.6
1843-01-01,13.3
1843-01-31,3.5
1843-03-02,8.3
1843-04-02,9.5
1843-05-02,21.1
1843-06-02,10.5
1843-07-02,9.5
1843-08-01,11.8
1843-09-01,4.2
1843-10-01,5.3
1843-11-01,19.1
1843-12-01,12.7
1844-01-01,9.4
1844-01-31,14.7
1844-03-02,13.6
1844-04-01,20.8
1844-05-01,11.6
1844-06-01,3.7
1844-07-02,21.2
1844-08-01,23.9
1844-09-01,7
1844-10-01,21.5
1844-10-31,10.7
1844-12-01,21.6
1845-01-01,25.7
1845-01-31,43.6
1845-03-02,43.3
1845-04-02,57
1845-05-02,47.8
1845-06-02,31.1
1845-07-02,30.6
1845-08-01,32.3
1845-09-01,29.6
1845-10-01,40.7
1845-11-01,39.4
1845-12-01,59.7
1846-01-01,38.7
1846-01-31,51
1846-03-02,63.9
1846-04-02,69.3
1846-05-02,59.9
1846-06-02,65.1
1846-07-02,46.5
1846-08-01,54.8
1846-09-01,107.1
1846-10-01,55.9
1846-11-01,60.4
1846-12-01,65.5
1847-01-01,62.6
1847-01-31,44.9
1847-03-02,85.7
1847-04-02,44.7
1847-05-02,75.4
1847-06-02,85.3
1847-07-02,52.2
1847-08-01,140.6
1847-09-01,160.9
1847-10-01,180.4
1847-11-01,138.9
1847-12-01,109.6
1848-01-01,159.1
1848-01-31,111.8
1848-03-02,108.6
1848-04-01,107.1
1848-05-01,102.2
1848-06-01,129
1848-07-02,139.2
1848-08-01,132.6
1848-09-01,100.3
1848-10-01,132.4
1848-10-31,114.6
1848-12-01,159.5
1849-01-01,157
1849-01-31,131.8
1849-03-02,96.2
1849-04-02,102.5
1849-05-02,80.6
1849-06-02,81.1
1849-07-02,78
1849-08-01,67.7
1849-09-01,93.7
1849-10-01,71.5
1849-11-01,99
1849-12-01,97
1850-01-01,78
1850-01-31,89.4
1850-03-02,82.6
1850-04-02,44.1
1850-05-02,61.6
1850-06-02,70
1850-07-02,39.1
1850-08-01,61.6
1850-09-01,86.2
1850-10-01,71
1850-11-01,54.8
1850-12-01,61
1851-01-01,75.5
1851-01-31,105.4
1851-03-02,64.6
1851-04-02,56.5
1851-05-02,62.6
1851-06-02,63.2
1851-07-02,36.1
1851-08-01,57.4
1851-09-01,67.9
1851-10-01,62.5
1851-11-01,51
1851-12-01,71.4
1852-01-01,68.4
1852-01-31,66.4
1852-03-02,61.2
1852-04-01,65.4
1852-05-01,54.9
1852-06-01,46.9
1852-07-02,42.1
1852-08-01,39.7
1852-09-01,37.5
1852-10-01,67.3
1852-10-31,54.3
1852-12-01,45.4
1853-01-01,41.1
1853-01-31,42.9
1853-03-02,37.7
1853-04-02,47.6
1853-05-02,34.7
1853-06-02,40
1853-07-02,45.9
1853-08-01,50.5
1853-09-01,33.5
1853-10-01,42.4
1853-11-01,28.8
1853-12-01,23.4
1854-01-01,15.4
1854-01-31,20
1854-03-02,20.7
1854-04-02,26.5
1854-05-02,24
1854-06-02,21.1
1854-07-02,18.7
1854-08-01,15.8
1854-09-01,22.4
1854-10-01,12.6
1854-11-01,28.2
1854-12-01,21.6
1855-01-01,12.3
1855-01-31,11.4
1855-03-02,17.4
1855-04-02,4.4
1855-05-02,9.1
1855-06-02,5.3
1855-07-02,0.4
1855-08-01,3.1
1855-09-01,0
1855-10-01,9.6
1855-11-01,4.2
1855-12-01,3.1
1856-01-01,0.5
1856-01-31,4.9
1856-03-02,0.4
1856-04-01,6.5
1856-05-01,0
1856-06-01,5.2
1856-07-02,4.6
1856-08-01,5.9
1856-09-01,4.4
1856-10-01,4.5
1856-10-31,7.7
1856-12-01,7.2
1857-01-01,13.7
1857-01-31,7.4
1857-03-02,5.2
1857-04-02,11.1
1857-05-02,28.5
1857-06-02,16
1857-07-02,22.2
1857-08-01,16.9
1857-09-01,42.4
1857-10-01,40.6
1857-11-01,31.4
1857-12-01,37.2
1858-01-01,39
1858-01-31,34.9
1858-03-02,57.5
1858-04-02,38.3
1858-05-02,41.4
1858-06-02,44.5
1858-07-02,56.7
1858-08-01,55.3
1858-09-01,80.1
1858-10-01,91.2
1858-11-01,51.9
1858-12-01,66.9
1859-01-01,83.7
1859-01-31,87.6
1859-03-02,90.3
1859-04-02,85.7
1859-05-02,91
1859-06-02,87.1
1859-07-02,95.2
1859-08-01,106.8
1859-09-01,105.8
1859-10-01,114.6
1859-11-01,97.2
1859-12-01,81
1860-01-01,82.4
1860-01-31,88.3
1860-03-02,98.9
1860-04-01,71.4
1860-05-01,107.1
1860-06-01,108.6
1860-07-02,116.7
1860-08-01,100.3
1860-09-01,92.2
1860-10-01,90.1
1860-10-31,97.9
1860-12-01,95.6
1861-01-01,62.3
1861-01-31,77.7
1861-03-02,101
1861-04-02,98.5
1861-05-02,56.8
1861-06-02,88.1
1861-07-02,78
1861-08-01,82.5
1861-09-01,79.9
1861-10-01,67.2
1861-11-01,53.7
1861-12-01,80.5
1862-01-01,63.1
1862-01-31,64.5
1862-03-02,43.6
1862-04-02,53.7
1862-05-02,64.4
1862-06-02,84
1862-07-02,73.4
1862-08-01,62.5
1862-09-01,66.6
1862-10-01,41.9
1862-11-01,50.6
1862-12-01,40.9
1863-01-01,48.3
1863-01-31,56.7
1863-03-02,66.4
1863-04-02,40.6
1863-05-02,53.8
1863-06-02,40.8
1863-07-02,32.7
1863-08-01,48.1
1863-09-01,22
1863-10-01,39.9
1863-11-01,37.7
1863-12-01,41.2
1864-01-01,57.7
1864-01-31,47.1
1864-03-02,66.3
1864-04-01,35.8
1864-05-01,40.6
1864-06-01,57.8
1864-07-02,54.7
1864-08-01,54.8
1864-09-01,28.5
1864-10-01,33.9
1864-10-31,57.6
1864-12-01,28.6
1865-01-01,48.7
1865-01-31,39.3
1865-03-02,39.5
1865-04-02,29.4
1865-05-02,34.5
1865-06-02,33.6
1865-07-02,26.8
1865-08-01,37.8
1865-09-01,21.6
1865-10-01,17.1
1865-11-01,24.6
1865-12-01,12.8
1866-01-01,31.6
1866-01-31,38.4
1866-03-02,24.5
1866-04-02,17.6
1866-05-02,12.9
1866-06-02,16.5
1866-07-02,9.3
1866-08-01,12.7
1866-09-01,7.3
1866-10-01,14.1
1866-11-01,9
1866-12-01,1.5
1867-01-01,0
1867-01-31,0.7
1867-03-02,9.2
1867-04-02,5.1
1867-05-02,2.9
1867-06-02,1.5
1867-07-02,5
1867-08-01,4.8
1867-09-01,9.8
1867-10-01,13.5
1867-11-01,9.6
1867-12-01,25.2
1868-01-01,15.5
1868-01-31,15.7
1868-03-02,26.5
1868-04-01,36.6
1868-05-01,26.7
1868-06-01,31.1
1868-07-02,29
1868-08-01,34.4
1868-09-01,47.2
1868-10-01,61.6
1868-10-31,59.1
1868-12-01,67.6
1869-01-01,60.9
1869-01-31,59.9
1869-03-02,52.7
1869-04-02,41
1869-05-02,103.9
1869-06-02,108.4
1869-07-02,59.2
1869-08-01,79.6
1869-09-01,80.6
1869-10-01,59.3
1869-11-01,78.1
1869-12-01,104.4
1870-01-01,77.3
1870-01-31,114.9
1870-03-02,157.5
1870-04-02,160
1870-05-02,176
1870-06-02,135.6
1870-07-02,132.4
1870-08-01,153.8
1870-09-01,136
1870-10-01,146.4
1870-11-01,147.5
1870-12-01,130
1871-01-01,88.3
1871-01-31,125.3
1871-03-02,143.2
1871-04-02,162.4
1871-05-02,145.5
1871-06-02,91.7
1871-07-02,103
1871-08-01,110.1
1871-09-01,80.3
1871-10-01,89
1871-11-01,105.4
1871-12-01,90.4
1872-01-01,79.5
1872-01-31,120.1
1872-03-02,88.4
1872-04-01,102.1
1872-05-01,107.6
1872-06-01,109.9
1872-07-02,105.5
1872-08-01,92.9
1872-09-01,114.6
1872-10-01,102.6
1872-10-31,112
1872-12-01,83.9
1873-01-01,86.7
1873-01-31,107
1873-03-02,98.3
1873-04-02,76.2
1873-05-02,47.9
1873-06-02,44.8
1873-07-02,66.9
1873-08-01,68.2
1873-09-01,47.1
1873-10-01,47.1
1873-11-01,55.4
1873-12-01,49.2
1874-01-01,60.8
1874-01-31,64.2
1874-03-02,46.4
1874-04-02,32
1874-05-02,44.6
1874-06-02,38.2
1874-07-02,67.8
1874-08-01,61.3
1874-09-01,28
1874-10-01,34.3
1874-11-01,28.9
1874-12-01,29.3
1875-01-01,14.6
1875-01-31,21.5
1875-03-02,33.8
1875-04-02,29.1
1875-05-02,11.5
1875-06-02,23.9
1875-07-02,12.5
1875-08-01,14.6
1875-09-01,2.4
1875-10-01,12.7
1875-11-01,17.7
1875-12-01,9.9
1876-01-01,14.3
1876-01-31,15
1876-03-02,30.6
1876-04-01,2.3
1876-05-01,5.1
1876-06-01,1.6
1876-07-02,15.2
1876-08-01,8.8
1876-09-01,9.9
1876-10-01,14.3
1876-10-31,9.9
1876-12-01,8.2
1877-01-01,24.4
1877-01-31,8.7
1877-03-02,11.9
1877-04-02,15.8
1877-05-02,21.6
1877-06-02,14.2
1877-07-02,6
1877-08-01,6.3
1877-09-01,16.9
1877-10-01,6.7
1877-11-01,14.2
1877-12-01,2.2
1878-01-01,3.3
1878-01-31,6.6
1878-03-02,7.8
1878-04-02,0.1
1878-05-02,5.9
1878-06-02,6.4
1878-07-02,0.1
1878-08-01,0
1878-09-01,5.3
1878-10-01,1.1
1878-11-01,4.1
1878-12-01,0.5
1879-01-01,1
1879-01-31,0.6
1879-03-02,0
1879-04-02,6.2
1879-05-02,2.4
1879-06-02,4.8
1879-07-02,7.5
1879-08-01,10.7
1879-09-01,6.1
1879-10-01,12.3
1879-11-01,13.1
1879-12-01,7.3
1880-01-01,24
1880-01-31,27.2
1880-03-02,19.3
1880-04-01,19.5
1880-05-01,23.5
1880-06-01,34.1
1880-07-02,21.9
1880-08-01,48.1
1880-09-01,66
1880-10-01,43
1880-10-31,30.7
1880-12-01,29.6
1881-01-01,36.4
1881-01-31,53.2
1881-03-02,51.5
1881-04-02,51.6
1881-05-02,43.5
1881-06-02,60.5
1881-07-02,76.9
1881-08-01,58.4
1881-09-01,53.2
1881-10-01,64.4
1881-11-01,54.8
1881-12-01,47.3
1882-01-01,45
1882-01-31,69.5
1882-03-02,66.8
1882-04-02,95.8
1882-05-02,64.1
1882-06-02,45.2
1882-07-02,45.4
1882-08-01,40.4
1882-09-01,57.7
1882-10-01,59.2
1882-11-01,84.4
1882-12-01,41.8
1883-01-01,60.6
1883-01-31,46.9
1883-03-02,42.8
1883-04-02,82.1
1883-05-02,31.5
1883-06-02,76.3
1883-07-02,80.6
1883-08-01,46
1883-09-01,52.6
1883-10-01,83.8
1883-11-01,84.5
1883-12-01,75.9
1884-01-01,91.5
1884-01-31,86.9
1884-03-02,87.5
1884-04-01,76.1
1884-05-01,66.5
1884-06-01,51.2
1884-07-02,53.1
1884-08-01,55.8
1884-09-01,61.9
1884-10-01,47.8
1884-10-31,36.6
1884-12-01,47.2
1885-01-01,42.8
1885-01-31,71.8
1885-03-02,49.8
1885-04-02,55
1885-05-02,73
1885-06-02,83.7
1885-07-02,66.5
1885-08-01,50
1885-09-01,39.6
1885-10-01,38.7
1885-11-01,30.9
1885-12-01,21.7
1886-01-01,29.9
1886-01-31,25.9
1886-03-02,57.3
1886-04-02,43.7
1886-05-02,30.7
1886-06-02,27.1
1886-07-02,30.3
1886-08-01,16.9
1886-09-01,21.4
1886-10-01,8.6
1886-11-01,0.3
1886-12-01,13
1887-01-01,10.3
1887-01-31,13.2
1887-03-02,4.2
1887-04-02,6.9
1887-05-02,20
1887-06-02,15.7
1887-07-02,23.4
1887-08-01,21.4
1887-09-01,7.4
1887-10-01,6.6
1887-11-01,6.9
1887-12-01,20.7
1888-01-01,12.7
1888-01-31,7.1
1888-03-02,7.8
1888-04-01,5.1
1888-05-01,7
1888-06-01,7.1
1888-07-02,3.1
1888-08-01,2.8
1888-09-01,8.8
1888-10-01,2.1
1888-10-31,10.7
1888-12-01,6.7
1889-01-01,0.8
1889-01-31,8.5
1889-03-02,6.7
1889-04-02,4.3
1889-05-02,2.4
1889-06-02,6.4
1889-07-02,9.4
1889-08-01,20.6
1889-09-01,6.5
1889-10-01,2.1
1889-11-01,0.2
1889-12-01,6.7
1890-01-01,5.3
1890-01-31,0.6
1890-03-02,5.1
1890-04-02,1.6
1890-05-02,4.8
1890-06-02,1.3
1890-07-02,11.6
1890-08-01,8.5
1890-09-01,17.2
1890-10-01,11.2
1890-11-01,9.6
1890-12-01,7.8
1891-01-01,13.5
1891-01-31,22.2
1891-03-02,10.4
1891-04-02,20.5
1891-05-02,41.1
1891-06-02,48.3
1891-07-02,58.8
1891-08-01,33
1891-09-01,53.8
1891-10-01,51.5
1891-11-01,41.9
1891-12-01,32.5
1892-01-01,69.1
1892-01-31,75.6
1892-03-02,49.9
1892-04-01,69.6
1892-05-01,79.6
1892-06-01,76.3
1892-07-02,76.5
1892-08-01,101.4
1892-09-01,62.8
1892-10-01,70.5
1892-10-31,65.4
1892-12-01,78.6
1893-01-01,75
1893-01-31,73
1893-03-02,65.7
1893-04-02,88.1
1893-05-02,84.7
1893-06-02,89.9
1893-07-02,88.6
1893-08-01,129.2
1893-09-01,77.9
1893-10-01,80
1893-11-01,75.1
1893-12-01,93.8
1894-01-01,83.2
1894-01-31,84.6
1894-03-02,52.3
1894-04-02,81.6
1894-05-02,101.2
1894-06-02,98.9
1894-07-02,106
1894-08-01,70.3
1894-09-01,65.9
1894-10-01,75.5
1894-11-01,56.6
1894-12-01,60
1895-01-01,63.3
1895-01-31,67.2
1895-03-02,61
1895-04-02,76.9
1895-05-02,67.5
1895-06-02,71.5
1895-07-02,47.8
1895-08-01,68.9
1895-09-01,57.7
1895-10-01,67.9
1895-11-01,47.2
1895-12-01,70.7
1896-01-01,29
1896-01-31,57.4
1896-03-02,52
1896-04-01,43.8
1896-05-01,27.7
1896-06-01,49
1896-07-02,45
1896-08-01,27.2
1896-09-01,61.3
1896-10-01,28.7
1896-10-31,38
1896-12-01,42.6
1897-01-01,40.6
1897-01-31,29.4
1897-03-02,29.1
1897-04-02,31
1897-05-02,20
1897-06-02,11.3
1897-07-02,27.6
1897-08-01,21.8
1897-09-01,48.1
1897-10-01,14.3
1897-11-01,8.4
1897-12-01,33.3
1898-01-01,30.2
1898-01-31,36.4
1898-03-02,38.3
1898-04-02,14.5
1898-05-02,25.8
1898-06-02,22.3
1898-07-02,9
1898-08-01,31.4
1898-09-01,34.8
1898-10-01,34.4
1898-11-01,30.9
1898-12-01,12.6
1899-01-01,19.5
1899-01-31,9.2
1899-03-02,18.1
1899-04-02,14.2
1899-05-02,7.7
1899-06-02,20.5
1899-07-02,13.5
1899-08-01,2.9
1899-09-01,8.4
1899-10-01,13
1899-11-01,7.8
1899-12-01,10.5
1900-01-01,9.4
1900-01-31,13.6
1900-03-02,8.6
1900-04-02,16
1900-05-02,15.2
1900-06-02,12.1
1900-07-02,8.3
1900-08-01,4.3
1900-09-01,8.3
1900-10-01,12.9
1900-11-01,4.5
1900-12-01,0.3
1901-01-01,0.2
1901-01-31,2.4
1901-03-02,4.5
1901-04-02,0
1901-05-02,10.2
1901-06-02,5.8
1901-07-02,0.7
1901-08-01,1
1901-09-01,0.6
1901-10-01,3.7
1901-11-01,3.8
1901-12-01,0
1902-01-01,5.5
1902-01-31,0
1902-03-02,12.4
1902-04-02,0
1902-05-02,2.8
1902-06-02,1.4
1902-07-02,0.9
1902-08-01,2.3
1902-09-01,7.6
1902-10-01,16.3
1902-11-01,10.3
1902-12-01,1.1
1903-01-01,8.3
1903-01-31,17
1903-03-02,13.5
1903-04-02,26.1
1903-05-02,14.6
1903-06-02,16.3
1903-07-02,27.9
1903-08-01,28.8
1903-09-01,11.1
1903-10-01,38.9
1903-11-01,44.5
1903-12-01,45.6
1904-01-01,31.6
1904-01-31,24.5
1904-03-02,37.2
1904-04-01,43
1904-05-01,39.5
1904-06-01,41.9
1904-07-02,50.6
1904-08-01,58.2
1904-09-01,30.1
1904-10-01,54.2
1904-10-31,38
1904-12-01,54.6
1905-01-01,54.8
1905-01-31,85.8
1905-03-02,56.5
1905-04-02,39.3
1905-05-02,48
1905-06-02,49
1905-07-02,73
1905-08-01,58.8
1905-09-01,55
1905-10-01,78.7
1905-11-01,107.2
1905-12-01,55.5
1906-01-01,45.5
1906-01-31,31.3
1906-03-02,64.5
1906-04-02,55.3
1906-05-02,57.7
1906-06-02,63.2
1906-07-02,103.6
1906-08-01,47.7
1906-09-01,56.1
1906-10-01,17.8
1906-11-01,38.9
1906-12-01,64.7
1907-01-01,76.4
1907-01-31,108.2
1907-03-02,60.7
1907-04-02,52.6
1907-05-02,42.9
1907-06-02,40.4
1907-07-02,49.7
1907-08-01,54.3
1907-09-01,85
1907-10-01,65.4
1907-11-01,61.5
1907-12-01,47.3
1908-01-01,39.2
1908-01-31,33.9
1908-03-02,28.7
1908-04-01,57.6
1908-05-01,40.8
1908-06-01,48.1
1908-07-02,39.5
1908-08-01,90.5
1908-09-01,86.9
1908-10-01,32.3
1908-10-31,45.5
1908-12-01,39.5
1909-01-01,56.7
1909-01-31,46.6
1909-03-02,66.3
1909-04-02,32.3
1909-05-02,36
1909-06-02,22.6
1909-07-02,35.8
1909-08-01,23.1
1909-09-01,38.8
1909-10-01,58.4
1909-11-01,55.8
1909-12-01,54.2
1910-01-01,26.4
1910-01-31,31.5
1910-03-02,21.4
1910-04-02,8.4
1910-05-02,22.2
1910-06-02,12.3
1910-07-02,14.1
1910-08-01,11.5
1910-09-01,26.2
1910-10-01,38.3
1910-11-01,4.9
1910-12-01,5.8
1911-01-01,3.4
1911-01-31,9
1911-03-02,7.8
1911-04-02,16.5
1911-05-02,9
1911-06-02,2.2
1911-07-02,3.5
1911-08-01,4
1911-09-01,4
1911-10-01,2.6
1911-11-01,4.2
1911-12-01,2.2
1912-01-01,0.3
1912-01-31,0
1912-03-02,4.9
1912-04-01,4.5
1912-05-01,4.4
1912-06-01,4.1
1912-07-02,3
1912-08-01,0.3
1912-09-01,9.5
1912-10-01,4.6
1912-10-31,1.1
1912-12-01,6.4
1913-01-01,2.3
1913-01-31,2.9
1913-03-02,0.5
1913-04-02,0.9
1913-05-02,0
1913-06-02,0
1913-07-02,1.7
1913-08-01,0.2
1913-09-01,1.2
1913-10-01,3.1
1913-11-01,0.7
1913-12-01,3.8
1914-01-01,2.8
1914-01-31,2.6
1914-03-02,3.1
1914-04-02,17.3
1914-05-02,5.2
1914-06-02,11.4
1914-07-02,5.4
1914-08-01,7.7
1914-09-01,12.7
1914-10-01,8.2
1914-11-01,16.4
1914-12-01,22.3
1915-01-01,23
1915-01-31,42.3
1915-03-02,38.8
1915-04-02,41.3
1915-05-02,33
1915-06-02,68.8
1915-07-02,71.6
1915-08-01,69.6
1915-09-01,49.5
1915-10-01,53.5
1915-11-01,42.5
1915-12-01,34.5
1916-01-01,45.3
1916-01-31,55.4
1916-03-02,67
1916-04-01,71.8
1916-05-01,74.5
1916-06-01,67.7
1916-07-02,53.5
1916-08-01,35.2
1916-09-01,45.1
1916-10-01,50.7
1916-10-31,65.6
1916-12-01,53
1917-01-01,74.7
1917-01-31,71.9
1917-03-02,94.8
1917-04-02,74.7
1917-05-02,114.1
1917-06-02,114.9
1917-07-02,119.8
1917-08-01,154.5
1917-09-01,129.4
1917-10-01,72.2
1917-11-01,96.4
1917-12-01,129.3
1918-01-01,96
1918-01-31,65.3
1918-03-02,72.2
1918-04-02,80.5
1918-05-02,76.7
1918-06-02,59.4
1918-07-02,107.6
1918-08-01,101.7
1918-09-01,79.9
1918-10-01,85
1918-11-01,83.4
1918-12-01,59.2
1919-01-01,48.1
1919-01-31,79.5
1919-03-02,66.5
1919-04-02,51.8
1919-05-02,88.1
1919-06-02,111.2
1919-07-02,64.7
1919-08-01,69
1919-09-01,54.7
1919-10-01,52.8
1919-11-01,42
1919-12-01,34.9
1920-01-01,51.1
1920-01-31,53.9
1920-03-02,70.2
1920-04-01,14.8
1920-05-01,33.3
1920-06-01,38.7
1920-07-02,27.5
1920-08-01,19.2
1920-09-01,36.3
1920-10-01,49.6
1920-10-31,27.2
1920-12-01,29.9
1921-01-01,31.5
1921-01-31,28.3
1921-03-02,26.7
1921-04-02,32.4
1921-05-02,22.2
1921-06-02,33.7
1921-07-02,41.9
1921-08-01,22.8
1921-09-01,17.8
1921-10-01,18.2
1921-11-01,17.8
1921-12-01,20.3
1922-01-01,11.8
1922-01-31,26.4
1922-03-02,54.7
1922-04-02,11
1922-05-02,8
1922-06-02,5.8
1922-07-02,10.9
1922-08-01,6.5
1922-09-01,4.7
1922-10-01,6.2
1922-11-01,7.4
1922-12-01,17.5
1923-01-01,4.5
1923-01-31,1.5
1923-03-02,3.3
1923-04-02,6.1
1923-05-02,3.2
1923-06-02,9.1
1923-07-02,3.5
1923-08-01,0.5
1923-09-01,13.2
1923-10-01,11.6
1923-11-01,10
1923-12-01,2.8
1924-01-01,0.5
1924-01-31,5.1
1924-03-02,1.8
1924-04-01,11.3
1924-05-01,20.8
1924-06-01,24
1924-07-02,28.1
1924-08-01,19.3
1924-09-01,25.1
1924-10-01,25.6
1924-10-31,22.5
1924-12-01,16.5
1925-01-01,5.5
1925-01-31,23.2
1925-03-02,18
1925-04-02,31.7
1925-05-02,42.8
1925-06-02,47.5
1925-07-02,38.5
1925-08-01,37.9
1925-09-01,60.2
1925-10-01,69.2
1925-11-01,58.6
1925-12-01,98.6
1926-01-01,71.8
1926-01-31,69.9
1926-03-02,62.5
1926-04-02,38.5
1926-05-02,64.3
1926-06-02,73.5
1926-07-02,52.3
1926-08-01,61.6
1926-09-01,60.8
1926-10-01,71.5
1926-11-01,60.5
1926-12-01,79.4
1927-01-01,81.6
1927-01-31,93
1927-03-02,69.6
1927-04-02,93.5
1927-05-02,79.1
1927-06-02,59.1
1927-07-02,54.9
1927-08-01,53.8
1927-09-01,68.4
1927-10-01,63.1
1927-11-01,67.2
1927-12-01,45.2
1928-01-01,83.5
1928-01-31,73.5
1928-03-02,85.5
1928-04-01,80.6
1928-05-01,77
1928-06-01,91.4
1928-07-02,98
1928-08-01,83.8
1928-09-01,89.7
1928-10-01,61.4
1928-10-31,50.3
1928-12-01,59
1929-01-01,68.9
1929-01-31,62.8
1929-03-02,50.2
1929-04-02,52.8
1929-05-02,58.2
1929-06-02,71.9
1929-07-02,70.2
1929-08-01,65.8
1929-09-01,34.4
1929-10-01,54
1929-11-01,81.1
1929-12-01,108
1930-01-01,65.3
1930-01-31,49.9
1930-03-02,35
1930-04-02,38.2
1930-05-02,36.8
1930-06-02,28.8
1930-07-02,21.9
1930-08-01,24.9
1930-09-01,32.1
1930-10-01,34.4
1930-11-01,35.6
1930-12-01,25.8
1931-01-01,14.6
1931-01-31,43.1
1931-03-02,30
1931-04-02,31.2
1931-05-02,24.6
1931-06-02,15.3
1931-07-02,17.4
1931-08-01,13
1931-09-01,19
1931-10-01,10
1931-11-01,18.7
1931-12-01,17.8
1932-01-01,12.1
1932-01-31,10.6
1932-03-02,11.2
1932-04-01,11.2
1932-05-01,17.9
1932-06-01,22.2
1932-07-02,9.6
1932-08-01,6.8
1932-09-01,4
1932-10-01,8.9
1932-10-31,8.2
1932-12-01,11
1933-01-01,12.3
1933-01-31,22.2
1933-03-02,10.1
1933-04-02,2.9
1933-05-02,3.2
1933-06-02,5.2
1933-07-02,2.8
1933-08-01,0.2
1933-09-01,5.1
1933-10-01,3
1933-11-01,0.6
1933-12-01,0.3
1934-01-01,3.4
1934-01-31,7.8
1934-03-02,4.3
1934-04-02,11.3
1934-05-02,19.7
1934-06-02,6.7
1934-07-02,9.3
1934-08-01,8.3
1934-09-01,4
1934-10-01,5.7
1934-11-01,8.7
1934-12-01,15.4
1935-01-01,18.6
1935-01-31,20.5
1935-03-02,23.1
1935-04-02,12.2
1935-05-02,27.3
1935-06-02,45.7
1935-07-02,33.9
1935-08-01,30.1
1935-09-01,42.1
1935-10-01,53.2
1935-11-01,64.2
1935-12-01,61.5
1936-01-01,62.8
1936-01-31,74.3
1936-03-02,77.1
1936-04-01,74.9
1936-05-01,54.6
1936-06-01,70
1936-07-02,52.3
1936-08-01,87
1936-09-01,76
1936-10-01,89
1936-10-31,115.4
1936-12-01,123.4
1937-01-01,132.5
1937-01-31,128.5
1937-03-02,83.9
1937-04-02,109.3
1937-05-02,116.7
1937-06-02,130.3
1937-07-02,145.1
1937-08-01,137.7
1937-09-01,100.7
1937-10-01,124.9
1937-11-01,74.4
1937-12-01,88.8
1938-01-01,98.4
1938-01-31,119.2
1938-03-02,86.5
1938-04-02,101
1938-05-02,127.4
1938-06-02,97.5
1938-07-02,165.3
1938-08-01,115.7
1938-09-01,89.6
1938-10-01,99.1
1938-11-01,122.2
1938-12-01,92.7
1939-01-01,80.3
1939-01-31,77.4
1939-03-02,64.6
1939-04-02,109.1
1939-05-02,118.3
1939-06-02,101
1939-07-02,97.6
1939-08-01,105.8
1939-09-01,112.6
1939-10-01,88.1
1939-11-01,68.1
1939-12-01,42.1
1940-01-01,50.5
1940-01-31,59.4
1940-03-02,83.3
1940-04-01,60.7
1940-05-01,54.4
1940-06-01,83.9
1940-07-02,67.5
1940-08-01,105.5
1940-09-01,66.5
1940-10-01,55
1940-10-31,58.4
1940-12-01,68.3
1941-01-01,45.6
1941-01-31,44.5
1941-03-02,46.4
1941-04-02,32.8
1941-05-02,29.5
1941-06-02,59.8
1941-07-02,66.9
1941-08-01,60
1941-09-01,65.9
1941-10-01,46.3
1941-11-01,38.4
1941-12-01,33.7
1942-01-01,35.6
1942-01-31,52.8
1942-03-02,54.2
1942-04-02,60.7
1942-05-02,25
1942-06-02,11.4
1942-07-02,17.7
1942-08-01,20.2
1942-09-01,17.2
1942-10-01,19.2
1942-11-01,30.7
1942-12-01,22.5
1943-01-01,12.5
1943-01-31,28.9
1943-03-02,27.4
1943-04-02,26.1
1943-05-02,14.1
1943-06-02,7.6
1943-07-02,13.2
1943-08-01,19.4
1943-09-01,10
1943-10-01,7.8
1943-11-01,10.2
1943-12-01,18.8
1944-01-01,3.7
1944-01-31,0.5
1944-03-02,11
1944-04-01,0.3
1944-05-01,2.5
1944-06-01,5
1944-07-02,5
1944-08-01,16.7
1944-09-01,14.3
1944-10-01,16.9
1944-10-31,10.8
1944-12-01,28.4
1945-01-01,18.5
1945-01-31,12.7
1945-03-02,21.5
1945-04-02,32
1945-05-02,30.6
1945-06-02,36.2
1945-07-02,42.6
1945-08-01,25.9
1945-09-01,34.9
1945-10-01,68.8
1945-11-01,46
1945-12-01,27.4
1946-01-01,47.6
1946-01-31,86.2
1946-03-02,76.6
1946-04-02,75.7
1946-05-02,84.9
1946-06-02,73.5
1946-07-02,116.2
1946-08-01,107.2
1946-09-01,94.4
1946-10-01,102.3
1946-11-01,123.8
1946-12-01,121.7
1947-01-01,115.7
1947-01-31,133.4
1947-03-02,129.8
1947-04-02,149.8
1947-05-02,201.3
1947-06-02,163.9
1947-07-02,157.9
1947-08-01,188.8
1947-09-01,169.4
1947-10-01,163.6
1947-11-01,128
1947-12-01,116.5
1948-01-01,108.5
1948-01-31,86.1
1948-03-02,94.8
1948-04-01,189.7
1948-05-01,174
1948-06-01,167.8
1948-07-02,142.2
1948-08-01,157.9
1948-09-01,143.3
1948-10-01,136.3
1948-10-31,95.8
1948-12-01,138
1949-01-01,119.1
1949-01-31,182.3
1949-03-02,157.5
1949-04-02,147
1949-05-02,106.2
1949-06-02,121.7
1949-07-02,125.8
1949-08-01,123.8
1949-09-01,145.3
1949-10-01,131.6
1949-11-01,143.5
1949-12-01,117.6
1950-01-01,101.6
1950-01-31,94.8
1950-03-02,109.7
1950-04-02,113.4
1950-05-02,106.2
1950-06-02,83.6
1950-07-02,91
1950-08-01,85.2
1950-09-01,51.3
1950-10-01,61.4
1950-11-01,54.8
1950-12-01,54.1
1951-01-01,59.9
1951-01-31,59.9
1951-03-02,55.9
1951-04-02,92.9
1951-05-02,108.5
1951-06-02,100.6
1951-07-02,61.5
1951-08-01,61
1951-09-01,83.1
1951-10-01,51.6
1951-11-01,52.4
1951-12-01,45.8
1952-01-01,40.7
1952-01-31,22.7
1952-03-02,22
1952-04-01,29.1
1952-05-01,23.4
1952-06-01,36.4
1952-07-02,39.3
1952-08-01,54.9
1952-09-01,28.2
1952-10-01,23.8
1952-10-31,22.1
1952-12-01,34.3
1953-01-01,26.5
1953-01-31,3.9
1953-03-02,10
1953-04-02,27.8
1953-05-02,12.5
1953-06-02,21.8
1953-07-02,8.6
1953-08-01,23.5
1953-09-01,19.3
1953-10-01,8.2
1953-11-01,1.6
1953-12-01,2.5
1954-01-01,0.2
1954-01-31,0.5
1954-03-02,10.9
1954-04-02,1.8
1954-05-02,0.8
1954-06-02,0.2
1954-07-02,4.8
1954-08-01,8.4
1954-09-01,1.5
1954-10-01,7
1954-11-01,9.2
1954-12-01,7.6
1955-01-01,23.1
1955-01-31,20.8
1955-03-02,4.9
1955-04-02,11.3
1955-05-02,28.9
1955-06-02,31.7
1955-07-02,26.7
1955-08-01,40.7
1955-09-01,42.7
1955-10-01,58.5
1955-11-01,89.2
1955-12-01,76.9
1956-01-01,73.6
1956-01-31,124
1956-03-02,118.4
1956-04-01,110.7
1956-05-01,136.6
1956-06-01,116.6
1956-07-02,129.1
1956-08-01,169.6
1956-09-01,173.2
1956-10-01,155.3
1956-10-31,201.3
1956-12-01,192.1
1957-01-01,165
1957-01-31,130.3
1957-03-02,157.4
1957-04-02,175.2
1957-05-02,164.6
1957-06-02,200.7
1957-07-02,187.2
1957-08-01,158
1957-09-01,235.8
1957-10-01,253.8
1957-11-01,210.9
1957-12-01,239.4
1958-01-01,202.5
1958-01-31,164.9
1958-03-02,190.7
1958-04-02,196
1958-05-02,175.3
1958-06-02,171.5
1958-07-02,191.4
1958-08-01,200.2
1958-09-01,201.2
1958-10-01,181.5
1958-11-01,152.3
1958-12-01,187.6
1959-01-01,217.4
1959-01-31,143.1
1959-03-02,185.7
1959-04-02,163.3
1959-05-02,172
1959-06-02,168.7
1959-07-02,149.6
1959-08-01,199.6
1959-09-01,145.2
1959-10-01,111.4
1959-11-01,124
1959-12-01,125
1960-01-01,146.3
1960-01-31,106
1960-03-02,102.2
1960-04-01,122
1960-05-01,119.6
1960-06-01,110.2
1960-07-02,121.7
1960-08-01,134.1
1960-09-01,127.2
1960-10-01,82.8
1960-10-31,89.6
1960-12-01,85.6
1961-01-01,57.9
1961-01-31,46.1
1961-03-02,53
1961-04-02,61.4
1961-05-02,51
1961-06-02,77.4
1961-07-02,70.2
1961-08-01,55.8
1961-09-01,63.6
1961-10-01,37.7
1961-11-01,32.6
1961-12-01,39.9
1962-01-01,38.7
1962-01-31,50.3
1962-03-02,45.6
1962-04-02,46.4
1962-05-02,43.7
1962-06-02,42
1962-07-02,21.8
1962-08-01,21.8
1962-09-01,51.3
1962-10-01,39.5
1962-11-01,26.9
1962-12-01,23.2
1963-01-01,19.8
1963-01-31,24.4
1963-03-02,17.1
1963-04-02,29.3
1963-05-02,43
1963-06-02,35.9
1963-07-02,19.6
1963-08-01,33.2
1963-09-01,38.8
1963-10-01,35.3
1963-11-01,23.4
1963-12-01,14.9
1964-01-01,15.3
1964-01-31,17.7
1964-03-02,16.5
1964-04-01,8.6
1964-05-01,9.5
1964-06-01,9.1
1964-07-02,3.1
1964-08-01,9.3
1964-09-01,4.7
1964-10-01,6.1
1964-10-31,7.4
1964-12-01,15.1
1965-01-01,17.5
1965-01-31,14.3
1965-03-02,11.7
1965-04-02,6.8
1965-05-02,24.1
1965-06-02,15.9
1965-07-02,11.9
1965-08-01,8.9
1965-09-01,16.8
1965-10-01,20.1
1965-11-01,15.8
1965-12-01,17
1966-01-01,28.2
1966-01-31,24.4
1966-03-02,25.3
1966-04-02,48.7
1966-05-02,45.3
1966-06-02,47.7
1966-07-02,56.7
1966-08-01,51.2
1966-09-01,50.2
1966-10-01,57.2
1966-11-01,57.2
1966-12-01,70.4
1967-01-01,110.9
1967-01-31,93.6
1967-03-02,111.8
1967-04-02,69.5
1967-05-02,86.5
1967-06-02,67.3
1967-07-02,91.5
1967-08-01,107.2
1967-09-01,76.8
1967-10-01,88.2
1967-11-01,94.3
1967-12-01,126.4
1968-01-01,121.8
1968-01-31,111.9
1968-03-02,92.2
1968-04-01,81.2
1968-05-01,127.2
1968-06-01,110.3
1968-07-02,96.1
1968-08-01,109.3
1968-09-01,117.2
1968-10-01,107.7
1968-10-31,86
1968-12-01,109.8
1969-01-01,104.4
1969-01-31,120.5
1969-03-02,135.8
1969-04-02,106.8
1969-05-02,120
1969-06-02,106
1969-07-02,96.8
1969-08-01,98
1969-09-01,91.3
1969-10-01,95.7
1969-11-01,93.5
1969-12-01,97.9
1970-01-01,111.5
1970-01-31,127.8
1970-03-02,102.9
1970-04-02,109.5
1970-05-02,127.5
1970-06-02,106.8
1970-07-02,112.5
1970-08-01,93
1970-09-01,99.5
1970-10-01,86.6
1970-11-01,95.2
1970-12-01,83.5
1971-01-01,91.3
1971-01-31,79
1971-03-02,60.7
1971-04-02,71.8
1971-05-02,57.5
1971-06-02,49.8
1971-07-02,81
1971-08-01,61.4
1971-09-01,50.2
1971-10-01,51.7
1971-11-01,63.2
1971-12-01,82.2
1972-01-01,61.5
1972-01-31,88.4
1972-03-02,80.1
1972-04-01,63.2
1972-05-01,80.5
1972-06-01,88
1972-07-02,76.5
1972-08-01,76.8
1972-09-01,64
1972-10-01,61.3
1972-10-31,41.6
1972-12-01,45.3
1973-01-01,43.4
1973-01-31,42.9
1973-03-02,46
1973-04-02,57.7
1973-05-02,42.4
1973-06-02,39.5
1973-07-02,23.1
1973-08-01,25.6
1973-09-01,59.3
1973-10-01,30.7
1973-11-01,23.9
1973-12-01,23.3
1974-01-01,27.6
1974-01-31,26
1974-03-02,21.3
1974-04-02,40.3
1974-05-02,39.5
1974-06-02,36
1974-07-02,55.8
1974-08-01,33.6
1974-09-01,40.2
1974-10-01,47.1
1974-11-01,25
1974-12-01,20.5
1975-01-01,18.9
1975-01-31,11.5
1975-03-02,11.5
1975-04-02,5.1
1975-05-02,9
1975-06-02,11.4
1975-07-02,28.2
1975-08-01,39.7
1975-09-01,13.9
1975-10-01,9.1
1975-11-01,19.4
1975-12-01,7.8
1976-01-01,8.1
1976-01-31,4.3
1976-03-02,21.9
1976-04-01,18.8
1976-05-01,12.4
1976-06-01,12.2
1976-07-02,1.9
1976-08-01,16.4
1976-09-01,13.5
1976-10-01,20.6
1976-10-31,5.2
1976-12-01,15.3
1977-01-01,16.4
1977-01-31,23.1
1977-03-02,8.7
1977-04-02,12.9
1977-05-02,18.6
1977-06-02,38.5
1977-07-02,21.4
1977-08-01,30.1
1977-09-01,44
1977-10-01,43.8
1977-11-01,29.1
1977-12-01,43.2
1978-01-01,51.9
1978-01-31,93.6
1978-03-02,76.5
1978-04-02,99.7
1978-05-02,82.7
1978-06-02,95.1
1978-07-02,70.4
1978-08-01,58.1
1978-09-01,138.2
1978-10-01,125.1
1978-11-01,97.9
1978-12-01,122.7
1979-01-01,166.6
1979-01-31,137.5
1979-03-02,138
1979-04-02,101.5
1979-05-02,134.4
1979-06-02,149.5
1979-07-02,159.4
1979-08-01,142.2
1979-09-01,188.4
1979-10-01,186.2
1979-11-01,183.3
1979-12-01,176.3
1980-01-01,159.6
1980-01-31,155
1980-03-02,126.2
1980-04-01,164.1
1980-05-01,179.9
1980-06-01,157.3
1980-07-02,136.3
1980-08-01,135.4
1980-09-01,155
1980-10-01,164.7
1980-10-31,147.9
1980-12-01,174.4
1981-01-01,114
1981-01-31,141.3
1981-03-02,135.5
1981-04-02,156.4
1981-05-02,127.5
1981-06-02,90.9
1981-07-02,143.8
1981-08-01,158.7
1981-09-01,167.3
1981-10-01,162.4
1981-11-01,137.5
1981-12-01,150.1
1982-01-01,111.2
1982-01-31,163.6
1982-03-02,153.8
1982-04-02,122
1982-05-02,82.2
1982-06-02,110.4
1982-07-02,106.1
1982-08-01,107.6
1982-09-01,118.8
1982-10-01,94.7
1982-11-01,98.1
1982-12-01,127
1983-01-01,84.3
1983-01-31,51
1983-03-02,66.5
1983-04-02,80.7
1983-05-02,99.2
1983-06-02,91.1
1983-07-02,82.2
1983-08-01,71.8
1983-09-01,50.3
1983-10-01,55.8
1983-11-01,33.4
1983-12-01,33.4
1984-01-01,57
1984-01-31,85.4
1984-03-02,83.5
1984-04-01,69.7
1984-05-01,76.4
1984-06-01,46.1
1984-07-02,37.4
1984-08-01,25.5
1984-09-01,15.7
1984-10-01,12
1984-10-31,22.8
1984-12-01,18.7
1985-01-01,16.5
1985-01-31,15.9
1985-03-02,17.2
1985-04-02,16.2
1985-05-02,27.5
1985-06-02,24.2
1985-07-02,30.7
1985-08-01,11.1
1985-09-01,3.9
1985-10-01,18.6
1985-11-01,16.2
1985-12-01,17.3
1986-01-01,2.5
1986-01-31,23.2
1986-03-02,15.1
1986-04-02,18.5
1986-05-02,13.7
1986-06-02,1.1
1986-07-02,18.1
1986-08-01,7.4
1986-09-01,3.8
1986-10-01,35.4
1986-11-01,15.2
1986-12-01,6.8
1987-01-01,10.4
1987-01-31,2.4
1987-03-02,14.7
1987-04-02,39.6
1987-05-02,33
1987-06-02,17.4
1987-07-02,33
1987-08-01,38.7
1987-09-01,33.9
1987-10-01,60.6
1987-11-01,39.9
1987-12-01,27.1
1988-01-01,59
1988-01-31,40
1988-03-02,76.2
1988-04-01,88
1988-05-01,60.1
1988-06-01,101.8
1988-07-02,113.8
1988-08-01,111.6
1988-09-01,120.1
1988-10-01,125.1
1988-10-31,125.1
1988-12-01,179.2
1989-01-01,161.3
1989-01-31,165.1
1989-03-02,131.4
1989-04-02,130.6
1989-05-02,138.5
1989-06-02,196.2
1989-07-02,126.9
1989-08-01,168.9
1989-09-01,176.7
1989-10-01,159.4
1989-11-01,173
1989-12-01,165.5
1990-01-01,177.3
1990-01-31,130.5
1990-03-02,140.3
1990-04-02,140.3
1990-05-02,132.2
1990-06-02,105.4
1990-07-02,149.4
1990-08-01,200.3
1990-09-01,125.2
1990-10-01,145.5
1990-11-01,131.4
1990-12-01,129.7
1991-01-01,136.9
1991-01-31,167.5
1991-03-02,141.9
1991-04-02,140
1991-05-02,121.3
1991-06-02,169.7
1991-07-02,173.7
1991-08-01,176.3
1991-09-01,125.3
1991-10-01,144.1
1991-11-01,108.2
1991-12-01,144.4
1992-01-01,150
1992-01-31,161.1
1992-03-02,106.7
1992-04-01,99.8
1992-05-01,73.8
1992-06-01,65.2
1992-07-02,85.7
1992-08-01,64.5
1992-09-01,63.9
1992-10-01,88.7
1992-10-31,91.8
1992-12-01,82.6
1993-01-01,59.3
1993-01-31,91
1993-03-02,69.8
1993-04-02,62.2
1993-05-02,61.3
1993-06-02,49.8
1993-07-02,57.9
1993-08-01,42.2
1993-09-01,22.4
1993-10-01,56.4
1993-11-01,35.6
1993-12-01,48.9
1994-01-01,57.8
1994-01-31,35.5
1994-03-02,31.7
1994-04-02,16.1
1994-05-02,17.8
1994-06-02,28
1994-07-02,35.1
1994-08-01,22.5
1994-09-01,25.7
1994-10-01,44
1994-11-01,18
1994-12-01,26.2
1995-01-01,24.2
1995-01-31,29.9
1995-03-02,31.1
1995-04-02,14
1995-05-02,14.5
1995-06-02,15.6
1995-07-02,14.5
1995-08-01,14.3
1995-09-01,11.8
1995-10-01,21.1
1995-11-01,9
1995-12-01,10
1996-01-01,11.5
1996-01-31,4.4
1996-03-02,9.2
1996-04-01,4.8
1996-05-01,5.5
1996-06-01,11.8
1996-07-02,8.2
1996-08-01,14.4
1996-09-01,1.6
1996-10-01,0.9
1996-10-31,17.9
1996-12-01,13.3
1997-01-01,5.7
1997-01-31,7.6
1997-03-02,8.7
1997-04-02,15.5
1997-05-02,18.5
1997-06-02,12.7
1997-07-02,10.4
1997-08-01,24.4
1997-09-01,51.3
1997-10-01,22.8
1997-11-01,39
1997-12-01,41.2
1998-01-01,31.9
1998-01-31,40.3
1998-03-02,54.8
1998-04-02,53.4
1998-05-02,56.3
1998-06-02,70.7
1998-07-02,66.6
1998-08-01,92.2
1998-09-01,92.9
1998-10-01,55.5
1998-11-01,74
1998-12-01,81.9
1999-01-01,62
1999-01-31,66.3
1999-03-02,68.8
1999-04-02,63.7
1999-05-02,106.4
1999-06-02,137.7
1999-07-02,113.5
1999-08-01,93.7
1999-09-01,71.5
1999-10-01,116.7
1999-11-01,133.2
1999-12-01,84.6
2000-01-01,90.1
2000-01-31,112.9
2000-03-02,138.5
2000-04-01,125.5
2000-05-01,121.6
2000-06-01,124.9
2000-07-02,170.1
2000-08-01,130.5
2000-09-01,109.7
2000-10-01,99.4
2000-10-31,106.8
2000-12-01,104.4
2001-01-01,95.6
2001-01-31,80.6
2001-03-02,113.5
2001-04-02,107.7
2001-05-02,96.6
2001-06-02,134
2001-07-02,81.8
2001-08-01,106.4
2001-09-01,150.7
2001-10-01,125.5
2001-11-01,106.5
2001-12-01,132.2
2002-01-01,114.1
2002-01-31,107.4
2002-03-02,98.4
2002-04-02,120.7
2002-05-02,120.8
2002-06-02,88.3
2002-07-02,99.6
2002-08-01,116.4
2002-09-01,109.6
2002-10-01,97.5
2002-11-01,95.5
2002-12-01,80.8
2003-01-01,79.7
2003-01-31,46
2003-03-02,61.1
2003-04-02,60
2003-05-02,54.6
2003-06-02,77.4
2003-07-02,83.3
2003-08-01,72.7
2003-09-01,48.7
2003-10-01,65.5
2003-11-01,67.3
2003-12-01,46.5
2004-01-01,37.3
2004-01-31,45.8
2004-03-02,49.1
2004-04-01,39.3
2004-05-01,41.5
2004-06-01,43.2
2004-07-02,51.1
2004-08-01,40.9
2004-09-01,27.7
2004-10-01,48
2004-10-31,43.5
2004-12-01,17.9
2005-01-01,31.3
2005-01-31,29.2
2005-03-02,24.5
2005-04-02,24.2
2005-05-02,42.7
2005-06-02,39.3
2005-07-02,40.1
2005-08-01,36.4
2005-09-01,21.9
2005-10-01,8.7
2005-11-01,18
2005-12-01,41.1
2006-01-01,15.3
2006-01-31,4.9
2006-03-02,10.6
2006-04-02,30.2
2006-05-02,22.3
2006-06-02,13.9
2006-07-02,12.2
2006-08-01,12.9
2006-09-01,14.4
2006-10-01,10.5
2006-11-01,21.4
2006-12-01,13.6
2007-01-01,16.8
2007-01-31,10.7
2007-03-02,4.5
2007-04-02,3.4
2007-05-02,11.7
2007-06-02,12.1
2007-07-02,9.7
2007-08-01,6
2007-09-01,2.4
2007-10-01,0.9
2007-11-01,1.7
2007-12-01,10.1
2008-01-01,3.3
2008-01-31,2.1
2008-03-02,9.3
2008-04-01,2.9
2008-05-01,3.2
2008-06-01,3.4
2008-07-02,0.8
2008-08-01,0.5
2008-09-01,1.1
2008-10-01,2.9
2008-10-31,4.1
2008-12-01,0.8
2009-01-01,1.3
2009-01-31,1.4
2009-03-02,0.7
2009-04-02,0.8
2009-05-02,2.9
2009-06-02,2.9
2009-07-02,3.2
2009-08-01,0
2009-09-01,4.3
2009-10-01,4.8
2009-11-01,4.1
2009-12-01,10.8
2010-01-01,13.2
2010-01-31,18.8
2010-03-02,15.4
2010-04-02,8
2010-05-02,8.7
2010-06-02,13.6
2010-07-02,16.1
2010-08-01,19.6
2010-09-01,25.2
2010-10-01,23.5
2010-11-01,21.5
2010-12-01,14.4
2011-01-01,18.8
2011-01-31,29.6
2011-03-02,55.8
2011-04-02,54.4
2011-05-02,41.6
2011-06-02,37
2011-07-02,43.8
2011-08-01,50.6
2011-09-01,78
2011-10-01,88
2011-11-01,96.7
2011-12-01,73
2012-01-01,58.3
2012-01-31,32.9
2012-03-02,64.3
2012-04-01,55.2
2012-05-01,69
2012-06-01,64.5
2012-07-02,66.5
2012-08-01,63
2012-09-01,61.4
2012-10-01,53.3
2012-10-31,61.8
2012-12-01,40.8
2013-01-01,62.9
2013-01-31,38.1
2013-03-02,57.9
2013-04-02,72.4
2013-05-02,78.7
2013-06-02,52.5
2013-07-02,57
2013-08-01,66
2013-09-01,37